frame_file,timestamp,linear_x,angular_z
frame_00001.jpg,1788250490.030,0.000,0.000
frame_00002.jpg,1788250490.456,0.000,0.000
frame_00003.jpg,1788250490.826,0.000,0.000
frame_00004.jpg,1788250491.219,0.000,0.000
frame_00005.jpg,1788250491.574,0.000,0.000
frame_00006.jpg,1788250491.946,0.000,0.000
frame_00007.jpg,1788250492.340,0.000,0.000
frame_00008.jpg,1788250492.678,0.000,0.000
frame_00009.jpg,1788250493.107,0.000,0.000
frame_00010.jpg,1788250493.475,0.000,0.000
frame_00011.jpg,1788250493.867,0.000,0.000
frame_00012.jpg,1788250494.290,0.000,0.000
frame_00013.jpg,1788250494.709,0.000,0.000
frame_00014.jpg,1788250495.062,0.000,0.000
frame_00015.jpg,1788250495.467,0.000,0.000
frame_00016.jpg,1788250495.890,0.000,0.000
frame_00017.jpg,1788250496.273,0.000,0.000
frame_00018.jpg,1788250496.642,0.000,0.000
frame_00019.jpg,1788250496.992,0.000,0.000
frame_00020.jpg,1788250497.365,0.000,0.000
frame_00021.jpg,1788250497.712,0.000,0.000
frame_00022.jpg,1788250498.090,0.000,0.000
frame_00023.jpg,1788250498.466,0.000,0.000
frame_00024.jpg,1788250498.885,0.000,0.000
frame_00025.jpg,1788250499.274,0.000,0.000
frame_00026.jpg,1788250499.666,0.000,0.000
frame_00027.jpg,1788250500.076,0.000,0.000
frame_00028.jpg,1788250500.490,0.000,0.000
frame_00029.jpg,1788250500.901,0.000,0.000
frame_00030.jpg,1788250501.294,0.000,0.000
frame_00031.jpg,1788250501.765,0.000,0.000
frame_00032.jpg,1788250502.181,0.000,0.000
frame_00033.jpg,1788250502.517,0.000,0.000
frame_00034.jpg,1788250502.937,0.000,0.000
frame_00035.jpg,1788250503.343,0.000,0.000
frame_00036.jpg,1788250503.749,0.000,0.000
frame_00037.jpg,1788250504.188,0.000,0.000
frame_00038.jpg,1788250504.616,0.000,0.000
frame_00039.jpg,1788250505.044,0.000,0.000
frame_00040.jpg,1788250505.521,0.000,0.000
frame_00041.jpg,1788250505.994,0.000,0.000
frame_00042.jpg,1788250506.392,0.000,0.000
frame_00043.jpg,1788250506.758,0.000,0.000
frame_00044.jpg,1788250507.173,0.000,0.000
frame_00045.jpg,1788250507.581,0.000,0.000
frame_00046.jpg,1788250507.992,0.000,0.000
frame_00047.jpg,1788250508.381,0.000,0.000
frame_00048.jpg,1788250508.756,0.000,0.000
frame_00049.jpg,1788250509.127,0.000,0.000
frame_00050.jpg,1788250509.510,0.000,0.000
frame_00051.jpg,1788250509.868,0.000,0.000
frame_00052.jpg,1788250510.325,0.000,0.000
frame_00053.jpg,1788250510.667,0.000,0.000
frame_00054.jpg,1788250511.082,0.000,0.000
frame_00055.jpg,1788250511.467,0.000,0.000
frame_00056.jpg,1788250511.889,0.000,0.000
frame_00057.jpg,1788250512.306,0.000,0.000
frame_00058.jpg,1788250512.641,0.000,0.000
frame_00059.jpg,1788250513.071,0.000,0.000
frame_00060.jpg,1788250513.427,0.000,0.000
frame_00061.jpg,1788250513.848,0.000,0.000
frame_00062.jpg,1788250514.325,0.000,0.000
frame_00063.jpg,1788250514.738,0.000,0.000
frame_00064.jpg,1788250515.123,0.000,0.000
frame_00065.jpg,1788250515.533,0.000,0.000
frame_00066.jpg,1788250515.953,0.000,0.000
frame_00067.jpg,1788250516.388,0.000,0.000
frame_00068.jpg,1788250516.840,0.000,0.000
frame_00069.jpg,1788250517.289,0.000,0.000
frame_00070.jpg,1788250517.758,0.000,0.000
frame_00071.jpg,1788250518.232,0.000,0.000
frame_00072.jpg,1788250518.657,0.000,0.000
frame_00073.jpg,1788250519.041,0.000,0.000
frame_00074.jpg,1788250519.380,0.000,0.000
frame_00075.jpg,1788250519.829,0.000,0.000
frame_00076.jpg,1788250520.255,0.000,0.000
frame_00077.jpg,1788250520.711,0.000,0.000
frame_00078.jpg,1788250521.149,0.000,0.000
frame_00079.jpg,1788250521.639,0.000,0.000
frame_00080.jpg,1788250522.104,0.000,0.000
frame_00081.jpg,1788250522.572,0.000,0.000
frame_00082.jpg,1788250523.084,0.000,0.000
frame_00083.jpg,1788250523.423,0.000,0.000
frame_00084.jpg,1788250523.760,0.000,0.000
frame_00085.jpg,1788250524.113,0.000,0.000
frame_00086.jpg,1788250524.462,0.000,0.000
frame_00087.jpg,1788250524.930,0.000,0.000
frame_00088.jpg,1788250525.414,0.000,0.000
frame_00089.jpg,1788250525.837,0.000,0.000
frame_00090.jpg,1788250526.259,0.000,0.000
frame_00091.jpg,1788250526.696,0.000,0.000
frame_00092.jpg,1788250527.117,0.000,0.000
frame_00093.jpg,1788250527.519,0.000,0.000
frame_00094.jpg,1788250527.935,0.000,0.000
frame_00095.jpg,1788250528.331,0.000,0.000
frame_00096.jpg,1788250528.727,0.000,0.000
frame_00097.jpg,1788250529.134,0.000,0.000
frame_00098.jpg,1788250529.527,0.000,0.000
frame_00099.jpg,1788250529.889,0.000,0.000
frame_00100.jpg,1788250530.306,0.000,0.000
frame_00101.jpg,1788250530.639,0.000,0.000
frame_00102.jpg,1788250530.990,0.000,0.000
frame_00103.jpg,1788250531.351,0.000,0.000
frame_00104.jpg,1788250531.795,0.000,0.000
frame_00105.jpg,1788250532.370,0.000,0.000
frame_00106.jpg,1788250533.313,0.000,0.000
frame_00107.jpg,1788250533.797,0.000,0.000
frame_00108.jpg,1788250534.332,0.000,0.000
frame_00109.jpg,1788250534.808,0.000,0.000
frame_00110.jpg,1788250535.180,0.000,0.000
frame_00111.jpg,1788250535.572,0.000,0.000
frame_00112.jpg,1788250536.146,0.000,0.000
frame_00113.jpg,1788250536.615,0.000,0.000
frame_00114.jpg,1788250537.080,0.000,0.000
frame_00115.jpg,1788250537.506,0.000,0.000
frame_00116.jpg,1788250537.867,0.000,0.000
frame_00117.jpg,1788250538.206,0.000,0.000
frame_00118.jpg,1788250538.571,0.000,0.000
frame_00119.jpg,1788250538.911,0.000,0.000
frame_00120.jpg,1788250539.250,0.000,0.000
frame_00121.jpg,1788250539.608,0.000,0.000
frame_00122.jpg,1788250539.973,0.000,0.000
frame_00123.jpg,1788250540.353,0.000,0.000
frame_00124.jpg,1788250540.717,0.000,0.000
frame_00125.jpg,1788250541.053,0.000,0.000
frame_00126.jpg,1788250541.398,0.000,0.000
frame_00127.jpg,1788250541.765,0.000,0.000
frame_00128.jpg,1788250542.157,0.000,0.000
frame_00129.jpg,1788250542.577,0.000,0.000
frame_00130.jpg,1788250542.916,0.000,0.000
frame_00131.jpg,1788250543.348,0.000,0.000
frame_00132.jpg,1788250543.742,0.000,0.000
frame_00133.jpg,1788250544.161,0.000,0.000
frame_00134.jpg,1788250544.545,0.000,0.000
frame_00135.jpg,1788250544.920,0.000,0.000
frame_00136.jpg,1788250545.379,0.000,0.000
frame_00137.jpg,1788250545.837,0.000,0.000
frame_00138.jpg,1788250546.302,0.000,0.000
frame_00139.jpg,1788250546.735,0.000,0.000
frame_00140.jpg,1788250547.156,0.000,0.000
frame_00141.jpg,1788250547.535,0.000,0.000
frame_00142.jpg,1788250547.949,0.000,0.000
frame_00143.jpg,1788250548.288,0.000,0.000
frame_00144.jpg,1788250548.644,0.000,0.000
frame_00145.jpg,1788250549.011,0.000,0.000
frame_00146.jpg,1788250549.365,0.000,0.000
frame_00147.jpg,1788250549.841,0.000,0.000
frame_00148.jpg,1788250550.306,0.000,0.000
frame_00149.jpg,1788250550.916,0.000,0.000
frame_00150.jpg,1788250551.298,0.000,0.000
frame_00151.jpg,1788250551.706,0.000,0.000
frame_00152.jpg,1788250552.240,0.000,0.000
frame_00153.jpg,1788250552.596,0.000,0.000
frame_00154.jpg,1788250553.026,0.000,0.000
frame_00155.jpg,1788250553.467,0.000,0.000
frame_00156.jpg,1788250553.904,0.000,0.000
frame_00157.jpg,1788250554.330,0.000,0.000
frame_00158.jpg,1788250554.744,0.000,0.000
frame_00159.jpg,1788250555.183,0.000,0.000
frame_00160.jpg,1788250555.618,0.000,0.000
frame_00161.jpg,1788250556.064,0.000,0.000
frame_00162.jpg,1788250556.514,0.000,0.000
frame_00163.jpg,1788250556.883,0.000,0.000
frame_00164.jpg,1788250557.269,0.000,0.000
frame_00165.jpg,1788250557.650,0.000,0.000
frame_00166.jpg,1788250558.028,0.000,0.000
frame_00167.jpg,1788250558.412,0.000,0.000
frame_00168.jpg,1788250558.761,0.000,0.000
frame_00169.jpg,1788250559.095,0.000,0.000
frame_00170.jpg,1788250559.501,0.000,0.000
frame_00171.jpg,1788250559.899,0.000,0.000
frame_00172.jpg,1788250560.269,0.000,0.000
frame_00173.jpg,1788250560.623,0.000,0.000
frame_00174.jpg,1788250560.978,0.000,0.000
frame_00175.jpg,1788250561.547,0.000,0.000
frame_00176.jpg,1788250561.941,0.000,0.000
frame_00177.jpg,1788250562.287,0.000,0.000
frame_00178.jpg,1788250562.726,0.000,0.000
frame_00179.jpg,1788250563.153,0.000,0.000
frame_00180.jpg,1788250563.602,0.000,0.000
frame_00181.jpg,1788250564.103,0.000,0.000
frame_00182.jpg,1788250564.557,0.000,0.000
frame_00183.jpg,1788250564.911,0.000,0.000
frame_00184.jpg,1788250565.292,0.000,0.000
frame_00185.jpg,1788250565.696,0.000,0.000
frame_00186.jpg,1788250566.101,0.000,0.000
frame_00187.jpg,1788250566.507,0.000,0.000
frame_00188.jpg,1788250566.898,0.000,0.000
frame_00189.jpg,1788250567.246,0.000,0.000
frame_00190.jpg,1788250567.861,0.000,0.000
frame_00191.jpg,1788250568.363,0.000,0.000
frame_00192.jpg,1788250568.828,0.000,0.000
frame_00193.jpg,1788250569.307,0.000,0.000
frame_00194.jpg,1788250569.818,0.000,0.000
frame_00195.jpg,1788250570.154,0.000,0.000
frame_00196.jpg,1788250570.549,0.000,0.000
frame_00197.jpg,1788250570.888,0.000,0.000
frame_00198.jpg,1788250571.364,0.000,0.000
frame_00199.jpg,1788250571.725,0.000,0.000
frame_00200.jpg,1788250572.303,0.000,0.000
frame_00201.jpg,1788250574.155,0.000,0.000
frame_00202.jpg,1788250576.774,0.000,0.000
frame_00203.jpg,1788250580.932,0.000,0.000
frame_00204.jpg,1788250582.358,0.000,0.000
frame_00205.jpg,1788250583.201,0.000,0.000
frame_00206.jpg,1788250584.152,0.000,0.000
frame_00207.jpg,1788250584.507,0.000,0.000
frame_00208.jpg,1788250584.925,0.000,0.000
frame_00209.jpg,1788250585.297,0.000,0.000
frame_00210.jpg,1788250585.675,0.000,0.000
frame_00211.jpg,1788250586.070,0.000,0.000
frame_00212.jpg,1788250586.439,0.000,0.000
frame_00213.jpg,1788250586.806,0.000,0.000
frame_00214.jpg,1788250587.179,0.000,0.000
frame_00215.jpg,1788250587.615,0.000,0.000
frame_00216.jpg,1788250587.997,0.000,0.000
frame_00217.jpg,1788250588.349,0.000,0.000
frame_00218.jpg,1788250588.727,0.000,0.000
frame_00219.jpg,1788250589.067,0.000,0.000
frame_00220.jpg,1788250589.421,0.000,0.000
frame_00221.jpg,1788250589.806,0.000,0.000
frame_00222.jpg,1788250590.189,0.000,0.000
frame_00223.jpg,1788250590.537,0.000,0.000
frame_00224.jpg,1788250590.895,0.000,0.000
frame_00225.jpg,1788250591.235,0.000,0.000
frame_00226.jpg,1788250591.652,0.000,0.000
frame_00227.jpg,1788250591.989,0.000,0.000
frame_00228.jpg,1788250592.367,0.000,0.000
frame_00229.jpg,1788250592.757,0.000,0.000
frame_00230.jpg,1788250593.107,0.000,0.000
frame_00231.jpg,1788250593.481,0.000,0.000
frame_00232.jpg,1788250593.843,0.000,0.000
frame_00233.jpg,1788250594.198,0.000,0.000
frame_00234.jpg,1788250594.572,0.000,0.000
frame_00235.jpg,1788250594.924,0.000,0.000
frame_00236.jpg,1788250595.289,0.000,0.000
frame_00237.jpg,1788250595.681,0.000,0.000
frame_00238.jpg,1788250596.056,0.000,0.000
frame_00239.jpg,1788250596.401,0.000,0.000
frame_00240.jpg,1788250596.742,0.000,0.000
frame_00241.jpg,1788250597.133,0.000,0.000
frame_00242.jpg,1788250597.555,0.000,0.000
frame_00243.jpg,1788250597.961,0.000,0.000
frame_00244.jpg,1788250598.316,0.000,0.000
frame_00245.jpg,1788250598.748,0.000,0.000
frame_00246.jpg,1788250599.124,0.000,0.000
frame_00247.jpg,1788250599.504,0.000,0.000
frame_00248.jpg,1788250599.911,0.000,0.000
frame_00249.jpg,1788250600.294,0.000,0.000
frame_00250.jpg,1788250600.695,0.000,0.000
frame_00251.jpg,1788250601.063,0.000,0.000
frame_00252.jpg,1788250601.439,0.000,0.000
frame_00253.jpg,1788250601.860,0.000,0.000
frame_00254.jpg,1788250602.228,0.000,0.000
frame_00255.jpg,1788250602.662,0.000,0.000
frame_00256.jpg,1788250603.001,0.000,0.000
frame_00257.jpg,1788250603.382,0.000,0.000
frame_00258.jpg,1788250603.762,0.000,0.000
frame_00259.jpg,1788250604.128,0.000,0.000
frame_00260.jpg,1788250604.480,0.000,0.000
frame_00261.jpg,1788250604.840,0.000,0.000
frame_00262.jpg,1788250605.202,0.000,0.000
frame_00263.jpg,1788250605.545,0.000,0.000
frame_00264.jpg,1788250605.902,0.000,0.000
frame_00265.jpg,1788250606.297,0.000,0.000
frame_00266.jpg,1788250606.705,0.000,0.000
frame_00267.jpg,1788250607.057,0.000,0.000
frame_00268.jpg,1788250607.392,0.000,0.000
frame_00269.jpg,1788250607.733,0.000,0.000
frame_00270.jpg,1788250608.143,0.000,0.000
frame_00271.jpg,1788250608.536,0.000,0.000
frame_00272.jpg,1788250608.929,0.000,0.000
frame_00273.jpg,1788250609.275,0.000,0.000
frame_00274.jpg,1788250609.679,0.000,0.000
frame_00275.jpg,1788250610.083,0.000,0.000
frame_00276.jpg,1788250610.450,0.000,0.000
frame_00277.jpg,1788250610.824,0.000,0.000
frame_00278.jpg,1788250611.369,0.000,0.000
frame_00279.jpg,1788250611.717,0.000,0.000
frame_00280.jpg,1788250612.144,0.000,0.000
frame_00281.jpg,1788250612.511,0.000,0.000
frame_00282.jpg,1788250612.909,0.000,0.000
frame_00283.jpg,1788250613.283,0.000,0.000
frame_00284.jpg,1788250613.695,0.000,0.000
frame_00285.jpg,1788250614.083,0.000,0.000
frame_00286.jpg,1788250614.464,0.000,0.000
frame_00287.jpg,1788250614.806,0.000,0.000
frame_00288.jpg,1788250615.172,0.000,0.000
frame_00289.jpg,1788250615.521,0.000,0.000
frame_00290.jpg,1788250615.969,0.000,0.000
frame_00291.jpg,1788250616.398,0.000,0.000
frame_00292.jpg,1788250616.733,0.000,0.000
frame_00293.jpg,1788250617.188,0.000,0.000
frame_00294.jpg,1788250617.643,0.000,0.000
frame_00295.jpg,1788250618.105,0.000,0.000
frame_00296.jpg,1788250618.564,0.000,0.000
frame_00297.jpg,1788250619.056,0.000,0.000
frame_00298.jpg,1788250619.524,0.000,0.000
frame_00299.jpg,1788250620.000,0.000,0.000
frame_00300.jpg,1788250620.436,0.000,0.000
frame_00301.jpg,1788250620.821,0.000,0.000
frame_00302.jpg,1788250621.169,0.000,0.000
frame_00303.jpg,1788250621.544,0.000,0.000
frame_00304.jpg,1788250621.901,0.000,0.000
frame_00305.jpg,1788250622.276,0.000,0.000
frame_00306.jpg,1788250622.681,0.000,0.000
frame_00307.jpg,1788250623.092,0.000,0.000
frame_00308.jpg,1788250623.555,0.000,0.000
frame_00309.jpg,1788250623.991,0.000,0.000
frame_00310.jpg,1788250624.411,0.000,0.000
frame_00311.jpg,1788250624.845,0.000,0.000
frame_00312.jpg,1788250625.214,0.000,0.000
frame_00313.jpg,1788250625.573,0.000,0.000
frame_00314.jpg,1788250626.012,0.000,0.000
frame_00315.jpg,1788250626.422,0.000,0.000
frame_00316.jpg,1788250626.810,0.000,0.000
frame_00317.jpg,1788250627.230,0.000,0.000
frame_00318.jpg,1788250627.674,0.000,0.000
frame_00319.jpg,1788250628.020,0.000,0.000
frame_00320.jpg,1788250628.360,0.000,0.000
frame_00321.jpg,1788250628.781,0.000,0.000
frame_00322.jpg,1788250629.236,0.000,0.000
frame_00323.jpg,1788250629.576,0.000,0.000
frame_00324.jpg,1788250630.099,0.000,0.000
frame_00325.jpg,1788250630.432,0.000,0.000
frame_00326.jpg,1788250630.833,0.000,0.000
frame_00327.jpg,1788250631.293,0.000,0.000
frame_00328.jpg,1788250631.693,0.000,0.000
frame_00329.jpg,1788250632.392,0.000,0.000
frame_00330.jpg,1788250632.827,0.000,0.000
frame_00331.jpg,1788250633.333,0.000,0.000
frame_00332.jpg,1788250633.724,0.000,0.000
frame_00333.jpg,1788250634.353,0.000,0.000
frame_00334.jpg,1788250634.732,0.000,0.000
frame_00335.jpg,1788250635.159,0.000,0.000
frame_00336.jpg,1788250635.580,0.000,0.000
frame_00337.jpg,1788250636.014,0.000,0.000
frame_00338.jpg,1788250636.433,0.000,0.000
frame_00339.jpg,1788250637.338,0.000,0.000
frame_00340.jpg,1788250637.792,0.000,0.000
frame_00341.jpg,1788250638.224,0.000,0.000
frame_00342.jpg,1788250638.688,0.000,0.000
frame_00343.jpg,1788250639.291,0.000,0.000
frame_00344.jpg,1788250639.664,0.000,0.000
frame_00345.jpg,1788250640.055,0.000,0.000
frame_00346.jpg,1788250640.566,0.000,0.000
frame_00347.jpg,1788250641.069,0.000,0.000
frame_00348.jpg,1788250641.725,0.000,0.000
frame_00349.jpg,1788250642.197,0.000,0.000
frame_00350.jpg,1788250642.636,0.000,0.000
frame_00351.jpg,1788250643.137,0.000,0.000
frame_00352.jpg,1788250643.552,0.000,0.000
frame_00353.jpg,1788250644.037,0.000,0.000
frame_00354.jpg,1788250644.545,0.000,0.000
frame_00355.jpg,1788250644.960,0.000,0.000
frame_00356.jpg,1788250645.557,0.000,0.000
frame_00357.jpg,1788250646.064,0.000,0.000
frame_00358.jpg,1788250646.430,0.000,0.000
frame_00359.jpg,1788250646.908,0.000,0.000
frame_00360.jpg,1788250647.456,0.000,0.000
frame_00361.jpg,1788250648.047,0.000,0.000
frame_00362.jpg,1788250648.671,0.000,0.000
frame_00363.jpg,1788250649.230,0.000,0.000
frame_00364.jpg,1788250649.795,0.000,0.000
frame_00365.jpg,1788250650.358,0.000,0.000
frame_00366.jpg,1788250650.943,0.000,0.000
frame_00367.jpg,1788250651.442,0.000,0.000
frame_00368.jpg,1788250651.957,0.000,0.000
frame_00369.jpg,1788250652.516,0.000,0.000
frame_00370.jpg,1788250653.223,0.000,0.000
frame_00371.jpg,1788250653.650,0.000,0.000
frame_00372.jpg,1788250654.107,0.000,0.000
frame_00373.jpg,1788250654.475,0.000,0.000
frame_00374.jpg,1788250654.874,0.000,0.000
frame_00375.jpg,1788250655.414,0.000,0.000
frame_00376.jpg,1788250656.277,0.000,0.000
frame_00377.jpg,1788250657.433,0.000,0.000
frame_00378.jpg,1788250658.284,0.000,0.000
frame_00379.jpg,1788250658.966,0.000,0.000
frame_00380.jpg,1788250659.342,0.000,0.000
frame_00381.jpg,1788250659.733,0.000,0.000
frame_00382.jpg,1788250660.107,0.000,0.000
frame_00383.jpg,1788250660.499,0.000,0.000
frame_00384.jpg,1788250660.891,0.000,0.000
frame_00385.jpg,1788250661.292,0.000,0.000
frame_00386.jpg,1788250661.682,0.000,0.000
frame_00387.jpg,1788250662.079,0.000,0.000
frame_00388.jpg,1788250662.472,0.000,0.000
frame_00389.jpg,1788250662.938,0.000,0.000
frame_00390.jpg,1788250663.340,0.000,0.000
frame_00391.jpg,1788250663.724,0.000,0.000
frame_00392.jpg,1788250664.087,0.000,0.000
frame_00393.jpg,1788250664.456,0.000,0.000
frame_00394.jpg,1788250664.853,0.000,0.000
frame_00395.jpg,1788250665.243,0.000,0.000
frame_00396.jpg,1788250665.612,0.000,0.000
frame_00397.jpg,1788250665.961,0.000,0.000
frame_00398.jpg,1788250666.333,0.000,0.000
frame_00399.jpg,1788250666.740,0.000,0.000
frame_00400.jpg,1788250667.139,0.000,0.000
frame_00401.jpg,1788250667.557,0.000,0.000
frame_00402.jpg,1788250667.974,0.000,0.000
frame_00403.jpg,1788250668.357,0.000,0.000
frame_00404.jpg,1788250668.735,0.000,0.000
frame_00405.jpg,1788250669.118,0.000,0.000
frame_00406.jpg,1788250669.591,0.000,0.000
frame_00407.jpg,1788250669.961,0.000,0.000
frame_00408.jpg,1788250670.335,0.000,0.000
frame_00409.jpg,1788250670.737,0.000,0.000
frame_00410.jpg,1788250671.088,0.000,0.000
frame_00411.jpg,1788250671.505,0.000,0.000
frame_00412.jpg,1788250671.964,0.000,0.000
frame_00413.jpg,1788250672.345,0.000,0.000
frame_00414.jpg,1788250672.742,0.000,0.000
frame_00415.jpg,1788250673.127,0.000,0.000
frame_00416.jpg,1788250673.670,0.000,0.000
frame_00417.jpg,1788250674.113,0.000,0.000
frame_00418.jpg,1788250674.448,0.000,0.000
frame_00419.jpg,1788250674.860,0.000,0.000
frame_00420.jpg,1788250675.210,0.000,0.000
frame_00421.jpg,1788250675.622,0.000,0.000
frame_00422.jpg,1788250676.063,0.000,0.000
frame_00423.jpg,1788250676.553,0.000,0.000
frame_00424.jpg,1788250676.954,0.000,0.000
frame_00425.jpg,1788250677.345,0.000,0.000
frame_00426.jpg,1788250677.704,0.000,0.000
frame_00427.jpg,1788250678.128,0.000,0.000
frame_00428.jpg,1788250678.555,0.000,0.000
frame_00429.jpg,1788250678.920,0.000,0.000
frame_00430.jpg,1788250679.283,0.000,0.000
frame_00431.jpg,1788250679.619,0.000,0.000
frame_00432.jpg,1788250680.009,0.000,0.000
frame_00433.jpg,1788250680.494,0.000,0.000
frame_00434.jpg,1788250680.917,0.000,0.000
frame_00435.jpg,1788250681.277,0.000,0.000
frame_00436.jpg,1788250681.763,0.000,0.000
frame_00437.jpg,1788250682.247,0.000,0.000
frame_00438.jpg,1788250682.722,0.000,0.000
frame_00439.jpg,1788250683.236,0.000,0.000
frame_00440.jpg,1788250683.570,0.000,0.000
frame_00441.jpg,1788250684.080,0.000,0.000
frame_00442.jpg,1788250684.439,0.000,0.000
frame_00443.jpg,1788250684.911,0.000,0.000
frame_00444.jpg,1788250685.411,0.000,0.000
frame_00445.jpg,1788250686.120,0.000,0.000
frame_00446.jpg,1788250686.751,0.000,0.000
frame_00447.jpg,1788250687.294,0.000,0.000
frame_00448.jpg,1788250687.721,0.000,0.000
frame_00449.jpg,1788250688.129,0.000,0.000
frame_00450.jpg,1788250688.594,0.000,0.000
frame_00451.jpg,1788250688.943,0.000,0.000
frame_00452.jpg,1788250689.304,0.000,0.000
frame_00453.jpg,1788250689.639,0.000,0.000
frame_00454.jpg,1788250690.003,0.000,0.000
frame_00455.jpg,1788250690.543,0.000,0.000
frame_00456.jpg,1788250691.137,0.000,0.000
frame_00457.jpg,1788250691.582,0.000,0.000
frame_00458.jpg,1788250692.035,0.000,0.000
frame_00459.jpg,1788250692.499,0.000,0.000
frame_00460.jpg,1788250693.047,0.000,0.000
frame_00461.jpg,1788250693.802,0.000,0.000
frame_00462.jpg,1788250694.175,0.000,0.000
frame_00463.jpg,1788250694.621,0.000,0.000
frame_00464.jpg,1788250695.049,0.000,0.000
frame_00465.jpg,1788250695.497,0.000,0.000
frame_00466.jpg,1788250695.845,0.000,0.000
frame_00467.jpg,1788250696.839,0.000,0.000
frame_00468.jpg,1788250697.708,0.000,0.000
frame_00469.jpg,1788250698.332,0.000,0.000
frame_00470.jpg,1788250698.763,0.000,0.000
frame_00471.jpg,1788250699.167,0.000,0.000
frame_00472.jpg,1788250699.635,0.000,0.000
frame_00473.jpg,1788250700.058,0.000,0.000
frame_00474.jpg,1788250700.447,0.000,0.000
frame_00475.jpg,1788250700.883,0.000,0.000
frame_00476.jpg,1788250701.231,0.000,0.000
frame_00477.jpg,1788250701.620,0.000,0.000
frame_00478.jpg,1788250702.027,0.000,0.000
frame_00479.jpg,1788250702.388,0.000,0.000
frame_00480.jpg,1788250702.761,0.000,0.000
frame_00481.jpg,1788250703.193,0.000,0.000
frame_00482.jpg,1788250703.561,0.000,0.000
frame_00483.jpg,1788250703.931,0.000,0.000
frame_00484.jpg,1788250704.329,0.000,0.000
frame_00485.jpg,1788250704.733,0.000,0.000
frame_00486.jpg,1788250705.148,0.000,0.000
frame_00487.jpg,1788250705.498,0.000,0.000
frame_00488.jpg,1788250705.881,0.000,0.000
frame_00489.jpg,1788250706.244,0.000,0.000
frame_00490.jpg,1788250706.587,0.000,0.000
frame_00491.jpg,1788250706.971,0.000,0.000
frame_00492.jpg,1788250707.357,0.000,0.000
frame_00493.jpg,1788250707.804,0.000,0.000
frame_00494.jpg,1788250708.226,0.000,0.000
frame_00495.jpg,1788250708.587,0.000,0.000
frame_00496.jpg,1788250708.966,0.000,0.000
frame_00497.jpg,1788250709.359,0.000,0.000
frame_00498.jpg,1788250709.741,0.000,0.000
frame_00499.jpg,1788250710.125,0.000,0.000
frame_00500.jpg,1788250710.510,0.000,0.000
frame_00501.jpg,1788250710.889,0.000,0.000
frame_00502.jpg,1788250711.305,0.000,0.000
frame_00503.jpg,1788250711.722,0.000,0.000
frame_00504.jpg,1788250712.124,0.000,0.000
frame_00505.jpg,1788250712.487,0.000,0.000
frame_00506.jpg,1788250712.852,0.000,0.000
frame_00507.jpg,1788250713.230,0.000,0.000
frame_00508.jpg,1788250713.597,0.000,0.000
frame_00509.jpg,1788250713.981,0.000,0.000
frame_00510.jpg,1788250714.351,0.000,0.000
frame_00511.jpg,1788250714.712,0.000,0.000
frame_00512.jpg,1788250715.083,0.000,0.000
frame_00513.jpg,1788250715.440,0.000,0.000
frame_00514.jpg,1788250715.785,0.000,0.000
frame_00515.jpg,1788250716.147,0.000,0.000
frame_00516.jpg,1788250716.517,0.000,0.000
frame_00517.jpg,1788250716.858,0.000,0.000
frame_00518.jpg,1788250717.197,0.000,0.000
frame_00519.jpg,1788250717.541,0.000,0.000
frame_00520.jpg,1788250717.892,0.000,0.000
frame_00521.jpg,1788250718.275,0.000,0.000
frame_00522.jpg,1788250718.656,0.000,0.000
frame_00523.jpg,1788250719.033,0.000,0.000
frame_00524.jpg,1788250719.402,0.000,0.000
frame_00525.jpg,1788250719.812,0.000,0.000
frame_00526.jpg,1788250720.208,0.000,0.000
frame_00527.jpg,1788250720.698,0.000,0.000
frame_00528.jpg,1788250721.295,0.000,0.000
frame_00529.jpg,1788250722.503,0.000,0.000
frame_00530.jpg,1788250722.954,0.000,0.000
frame_00531.jpg,1788250723.394,0.000,0.000
frame_00532.jpg,1788250723.823,0.000,0.000
frame_00533.jpg,1788250724.695,0.000,0.000
frame_00534.jpg,1788250725.912,0.000,0.000
frame_00535.jpg,1788250726.670,0.000,0.000
frame_00536.jpg,1788250727.189,0.000,0.000
frame_00537.jpg,1788250727.734,0.000,0.000
frame_00538.jpg,1788250728.232,0.000,0.000
frame_00539.jpg,1788250728.572,0.000,0.000
frame_00540.jpg,1788250729.128,0.000,0.000
frame_00541.jpg,1788250729.639,0.000,0.000
frame_00542.jpg,1788250729.978,0.000,0.000
frame_00543.jpg,1788250730.479,0.000,0.000
frame_00544.jpg,1788250730.958,0.000,0.000
frame_00545.jpg,1788250731.430,0.000,0.000
frame_00546.jpg,1788250732.067,0.000,0.000
frame_00547.jpg,1788250732.411,0.000,0.000
frame_00548.jpg,1788250732.874,0.000,0.000
frame_00549.jpg,1788250733.330,0.000,0.000
frame_00550.jpg,1788250733.741,0.000,0.000
frame_00551.jpg,1788250734.151,0.000,0.000
frame_00552.jpg,1788250734.586,0.000,0.000
frame_00553.jpg,1788250734.985,0.000,0.000
frame_00554.jpg,1788250735.355,0.000,0.000
frame_00555.jpg,1788250735.922,0.000,0.000
frame_00556.jpg,1788250736.501,0.000,0.000
frame_00557.jpg,1788250736.842,0.000,0.000
frame_00558.jpg,1788250737.359,0.000,0.000
frame_00559.jpg,1788250737.813,0.000,0.000
frame_00560.jpg,1788250738.318,0.000,0.000
frame_00561.jpg,1788250738.730,0.000,0.000
frame_00562.jpg,1788250739.202,0.000,0.000
frame_00563.jpg,1788250739.653,0.000,0.000
frame_00564.jpg,1788250740.088,0.000,0.000
frame_00565.jpg,1788250740.633,0.000,0.000
frame_00566.jpg,1788250741.249,0.000,0.000
frame_00567.jpg,1788250741.748,0.000,0.000
frame_00568.jpg,1788250742.146,0.000,0.000
frame_00569.jpg,1788250742.617,0.000,0.000
frame_00570.jpg,1788250742.953,0.000,0.000
frame_00571.jpg,1788250743.295,0.000,0.000
frame_00572.jpg,1788250743.777,0.000,0.000
frame_00573.jpg,1788250744.183,0.000,0.000
frame_00574.jpg,1788250744.609,0.000,0.000
frame_00575.jpg,1788250745.045,0.000,0.000
frame_00576.jpg,1788250745.593,0.000,0.000
frame_00577.jpg,1788250745.926,0.000,0.000
frame_00578.jpg,1788250746.360,0.000,0.000
frame_00579.jpg,1788250746.739,0.000,0.000
frame_00580.jpg,1788250747.109,0.000,0.000
frame_00581.jpg,1788250747.555,0.000,0.000
frame_00582.jpg,1788250747.967,0.000,0.000
frame_00583.jpg,1788250748.567,0.000,0.000
frame_00584.jpg,1788250749.249,0.000,0.000
frame_00585.jpg,1788250749.859,0.000,0.000
frame_00586.jpg,1788250750.220,0.000,0.000
frame_00587.jpg,1788250750.651,0.000,0.000
frame_00588.jpg,1788250751.343,0.000,0.000
frame_00589.jpg,1788250751.916,0.000,0.000
frame_00590.jpg,1788250752.476,0.000,0.000
frame_00591.jpg,1788250753.083,0.000,0.000
frame_00592.jpg,1788250753.491,0.000,0.000
frame_00593.jpg,1788250753.944,0.000,0.000
frame_00594.jpg,1788250754.337,0.000,0.000
frame_00595.jpg,1788250754.884,0.000,0.000
frame_00596.jpg,1788250755.670,0.000,0.000
frame_00597.jpg,1788250756.296,0.000,0.000
frame_00598.jpg,1788250756.903,0.000,0.000
frame_00599.jpg,1788250758.561,0.000,0.000
frame_00600.jpg,1788250759.515,0.000,0.000
frame_00601.jpg,1788250759.876,0.000,0.000
frame_00602.jpg,1788250760.283,0.000,0.000
frame_00603.jpg,1788250760.706,0.000,0.000
frame_00604.jpg,1788250761.171,0.000,0.000
frame_00605.jpg,1788250761.587,0.000,0.000
frame_00606.jpg,1788250762.003,0.000,0.000
frame_00607.jpg,1788250762.690,0.000,0.000
frame_00608.jpg,1788250763.089,0.000,0.000
frame_00609.jpg,1788250763.488,0.000,0.000
frame_00610.jpg,1788250763.839,0.000,0.000
frame_00611.jpg,1788250764.456,0.000,0.000
frame_00612.jpg,1788250765.077,0.000,0.000
frame_00613.jpg,1788250765.580,0.000,0.000
frame_00614.jpg,1788250766.118,0.000,0.000
frame_00615.jpg,1788250766.545,0.000,0.000
frame_00616.jpg,1788250767.121,0.000,0.000
frame_00617.jpg,1788250767.691,0.000,0.000
frame_00618.jpg,1788250768.206,0.000,0.000
frame_00619.jpg,1788250768.776,0.000,0.000
frame_00620.jpg,1788250769.248,0.000,0.000
frame_00621.jpg,1788250769.738,0.000,0.000
frame_00622.jpg,1788250770.231,0.000,0.000
frame_00623.jpg,1788250770.728,0.000,0.000
frame_00624.jpg,1788250771.237,0.000,0.000
frame_00625.jpg,1788250771.793,0.000,0.000
frame_00626.jpg,1788250772.320,0.000,0.000
frame_00627.jpg,1788250772.860,0.000,0.000
frame_00628.jpg,1788250773.440,0.000,0.000
frame_00629.jpg,1788250774.064,0.000,0.000
frame_00630.jpg,1788250774.670,0.000,0.000
frame_00631.jpg,1788250775.215,0.000,0.000
frame_00632.jpg,1788250775.781,0.000,0.000
frame_00633.jpg,1788250776.266,0.000,0.000
frame_00634.jpg,1788250776.702,0.000,0.000
frame_00635.jpg,1788250777.098,0.000,0.000
frame_00636.jpg,1788250777.459,0.000,0.000
frame_00637.jpg,1788250777.828,0.000,0.000
frame_00638.jpg,1788250778.209,0.000,0.000
frame_00639.jpg,1788250778.823,0.000,0.000
frame_00640.jpg,1788250779.222,0.000,0.000
frame_00641.jpg,1788250779.796,0.000,0.000
frame_00642.jpg,1788250780.358,0.000,0.000
frame_00643.jpg,1788250780.702,0.000,0.000
frame_00644.jpg,1788250781.258,0.000,0.000
frame_00645.jpg,1788250781.742,0.000,0.000
frame_00646.jpg,1788250782.457,0.000,0.000
